Mon Dec 30 17:15:34 NOVT 2024,1728,354563
Mon Dec 30 17:15:44 NOVT 2024,1828,454563
Mon Dec 30 17:15:54 NOVT 2024,1928,554563
Mon Dec 30 17:28:12 NOVT 2024,2728,654563
Mon Dec 30 17:28:41 NOVT 2024,3728,754563
Mon Dec 30 17:30:21 NOVT 2024,4128,804563
Mon Dec 30 17:32:01 NOVT 2024,4228,814563
Mon Dec 30 17:33:41 NOVT 2024,4228,824563
Mon Dec 30 17:35:21 NOVT 2024,4328,834563
Mon Dec 30 17:37:00 NOVT 2024,4428,844563
Mon Dec 30 17:38:38 NOVT 2024,4528,854563
Mon Dec 30 17:42:45 NOVT 2024,1728,354563
Mon Dec 30 17:44:25 NOVT 2024,1728,354563
Mon Dec 30 17:46:05 NOVT 2024,1728,354563
Mon Dec 30 17:47:45 NOVT 2024,1728,354563
Mon Dec 30 17:49:25 NOVT 2024,1728,354563
Mon Dec 30 17:51:05 NOVT 2024,1728,354563
Mon Dec 30 17:52:45 NOVT 2024,1728,354563
Mon Dec 30 17:54:25 NOVT 2024,1728,354563
Mon Dec 30 17:56:05 NOVT 2024,1728,354563
Tue Dec 31 12:03:51 NOVT 2024,1728,354563
Tue Dec 31 12:05:31 NOVT 2024,1728,354563
Tue Dec 31 12:09:46 NOVT 2024,1728,354563
Tue Dec 31 12:19:12 NOVT 2024,1728,354563
Tue Dec 31 12:20:52 NOVT 2024,1728,354563
Tue Dec 31 12:43:17 NOVT 2024,1728,354563
Tue Dec 31 12:44:57 NOVT 2024,1728,354563
Tue Dec 31 12:46:37 NOVT 2024,1728,354563
Tue Dec 31 12:48:17 NOVT 2024,1728,354563
Tue Dec 31 12:49:57 NOVT 2024,1728,354563
Tue Dec 31 12:51:37 NOVT 2024,1728,354563
Tue Dec 31 12:53:17 NOVT 2024,1728,354563
Tue Dec 31 12:54:57 NOVT 2024,1728,354563
Tue Dec 31 12:56:37 NOVT 2024,1728,354563
Tue Dec 31 12:58:17 NOVT 2024,1728,354563
Tue Dec 31 12:59:57 NOVT 2024,1728,354563
Tue Dec 31 13:01:37 NOVT 2024,1728,354563
Tue Dec 31 13:03:17 NOVT 2024,1728,354563
Tue Dec 31 13:04:57 NOVT 2024,1728,354563
Tue Dec 31 13:06:37 NOVT 2024,1728,354563
Tue Dec 31 13:08:17 NOVT 2024,1728,354563
Tue Dec 31 13:09:57 NOVT 2024,1728,354563
Tue Dec 31 13:11:37 NOVT 2024,1728,354563
Tue Dec 31 13:13:17 NOVT 2024,1728,354563
Tue Dec 31 13:14:57 NOVT 2024,1728,354563
Tue Dec 31 13:16:37 NOVT 2024,1728,354563
Tue Dec 31 13:18:17 NOVT 2024,1728,354563
Tue Dec 31 13:19:57 NOVT 2024,1728,354563
Tue Dec 31 13:21:37 NOVT 2024,1728,354563
Tue Dec 31 13:23:17 NOVT 2024,1728,354563
Tue Dec 31 13:24:57 NOVT 2024,1728,354563
Tue Dec 31 13:26:37 NOVT 2024,1728,354563
Tue Dec 31 13:28:17 NOVT 2024,1728,354563
Tue Dec 31 13:29:57 NOVT 2024,1728,354563
